{"train/loss": 0.0036, "train/grad_norm": 0.004921432584524155, "train/learning_rate": 0.0002, "train/epoch": 2.0, "train/global_step": 500, "_timestamp": 1716422473.8140688, "_runtime": 4256.57971072197, "_step": 500, "train_runtime": 4313.4097, "train_samples_per_second": 0.464, "train_steps_per_second": 0.116, "total_flos": 3.1238784417792e+16, "train_loss": 0.06289946415554733, "_wandb": {"runtime": 4257}}